

{
  "questions": [
    {
      "question": "Платформа Андроид основывается на операционной системе:",
      "answers": [
        "Linux",
        "MAC",
        "Unix",
        "Windows CE"
      ],
      "question_id" : 1,
      "correct_answer": 0
    },{
      "question": "Архитектура платформы Андроид состоит из:",
      "answers": [
        "Приложений, фреймворка приложений, библиотек, среды выполнения Андроид, ядра Linux.",
        "Приложений, библиотек, фреймворка библиотек, среды выполнения Андроид, ядра Linux.",
        "Приложений, телефонного менеджера, библиотек, среды выполнения Андроид.",
        "Приложений, телефонного менеджера, библиотек, ядра Linux."
      ],
      "question_id" : 2,
      "correct_answer": 0

    },{
      "question": "Базовая единица графического интерфейса приложения Андроид это:",
      "answers": [
        "Ничего из ниже перечисленного.",
        "Интерактивные элементы экрана.",
        "Layout и Drawing.",
        "View и Viewgroups."
      ],
      "question_id" : 3,
      "correct_answer": 3
    },{
      "question": "Как называется виртуальная машина Java платформы Андроид?",
      "answers": [
        "NET Framework",
        "Dalvik",
        "Forth Virtual Machine",
        "Android Virtual Device"
      ],
      "question_id" : 4,
      "correct_answer": 1
    },{
      "question": "Что представляет собой формат .apk?",
      "answers": [
        "Android pocket kit.",
        "Android programm key.",
        "Android package.",
        "Андроид файл ресурсов."
      ],
      "question_id" : 5,
      "correct_answer": 2
    },{
      "question": "Файлы разметки экрана должны размещаться в папке:",
      "answers": [
        "/res/",
        "/res/anim",
        "/res/drawable",
        "/res/layout"
      ],
      "question_id" : 6,
      "correct_answer": 3
    },{
      "question": "В каталоге assets данные размещаются в формате:",
      "answers": [
        "ASCII",
        "FAT",
        "JPEG",
        "raw file"
      ],
      "question_id" : 7,
      "correct_answer": 3
    },{
      "question": "Пустой процесс не должен иметь:",
      "answers": [
        "Активных компонентов приложения.",
        "Активных процессов.",
        "Активных сервисов.",
        "Любые ресурсы."
      ],
      "question_id" : 8,
      "correct_answer": 0
    },{
      "question": "Инструмент bmgr используется для:",
      "answers": [
        "Получения резервной копии приложения.",
        "Операции восстановления.",
        "Уничтожения архивных данных для конкретного приложения.",
        "Все выше перечисленное."
      ],
      "question_id" : 9,
      "correct_answer": 3
    },{
      "question": "Какие утверждения верны относительно сервисов и потоков?",
      "answers": [
        "Сервис запускается в отдельном потоке.",
        "Для потока можно создать несколько экземпляров, а для сервиса нет.",
        "Сервис не может использовать потоки для выполнения задач.",
        "Ничего из вышеперечисленного."
      ],
      "question_id" : 10,
      "correct_answer": 1
    },{
      "question": "В чем разница между сервисом и асинхронной задачей?",
      "answers": [
        "AsyncTask зависит от контекста Activity, из которой был запущен, а сервис нет.",
        "И AsyncTask и сервис выполняются в UI thread.",
        "И AsyncTask и сервис имеют доступ к UI thread.",
        "Их сравнивать некорректно."
      ],
      "question_id" : 11,
      "correct_answer": 0
    },{
      "question": "В чем разница между потоком и асинхронной задачей?",
      "answers": [
        "AsyncTask имеет доступ к UI потоку, а поток нет. Для доступа потока к UI потоку может использоваться класс Handler.",
        "AsyncTask представляет общий фреймворк потоков.",
        "И AsyncTask и потоки предназначены для выполнения длительных задач.",
        "Ничего из вышеперечисленного."
      ],
      "question_id" : 12,
      "correct_answer": 0
    },{
      "question": "Foreground Service:",
      "answers": [
        "Запускается при вызове foreground ().",
        "Может обеспечивать уведомление в панель статуса.",
        "Уведомление не может быть убрано, пока сервис не остановится или не перестанет быть foreground.",
        "Ничего из вышеперечисленного."
      ],
      "question_id" : 13,
      "correct_answer": 0
    },{
      "question": "A1, A2, A3 и A4 являются активностями, которые были вызваны, используя интенты. При том Backstack A1-A4-A2 – A3. Активность A4 вызывает A2 с помощью флага интента FLAG_ACTIVITY_NO_HISTORY. Когда будет вызван метод finish () активности A3, какая активность останется работающей?",
      "answers": [
        "A1",
        "A4",
        "A3",
        "A2"
      ],
      "question_id" : 14,
      "correct_answer": 1
    },{
      "question": "A1, A2, A3 и A4 являются активностями, которые были вызваны, используя интенты. При том Backstack A1-A2-A3-A4. Активность A3 вызывает A4 без флага интента. Когда будет вызван метод finish () активности A4, какая активность останется работающей?",
      "answers": [
        "A2",
        "A3",
        "A4",
        "A1"
      ],
      "question_id" : 15,
      "correct_answer": 1
    },{
      "question": "Плюс (+) в выражении android: id=@+id/my_id означает:",
      "answers": [
        "Определить в качестве идентификатора ресурса",
        "Создать новый идентификатор и добавить к ресурсам",
        "XML-парсер должен разобрать ID строку",
        "Ничего из вышеперечисленного."
      ],
      "question_id" : 16,
      "correct_answer": 1
    },{
      "question": "Если вы хотите, чтобы система запускала сервис на неопределенный срок, перезапуская его при уничтожении, тогда используйте:",
      "answers": [
        "START_NOT_STICKY",
        "START_REDELIVER_INTENT",
        "START_STICKY",
        "START_SERVICE_INDEFINITELY"
      ],
      "question_id" : 17,
      "correct_answer": 2
    },{
      "question": "Android система использует интенты, чтобы:",
      "answers": [
        "Отправлять системные интенты.",
        "Отправлять пользовательские интенты.",
        "Вызывать другие приложения из вашего приложения",
        "Все вышеперечисленное."
      ],
      "question_id" : 18,
      "correct_answer": 3
    },{
      "question": "Уведомление «Экран гаснет» это пример:",
      "answers": [
        "Normal broadcast",
        "Ordered broadcast",
        "Фоновой операции",
        "Ничего из вышеперечисленного."
      ],
      "question_id" : 19,
      "correct_answer": 0
    },{
      "question": "Если вы попытаетесь получить доступ к столбцу таблицы, который не существует, тогда будет исключение:",
      "answers": [
        "NullPointerException",
        "IllegalArgumentException",
        "ArrayIndexOutOfBoundsException",
        "SQLException"
      ],
      "question_id" : 20,
      "correct_answer": 1
    }
   ]
  }





